Datetime,Water Level (m)
2025-05-19 18:00:00,-1.3006462
2025-05-19 19:00:00,-1.0850711
2025-05-19 20:00:00,-0.52881086
2025-05-19 21:00:00,0.057980966
2025-05-19 22:00:00,0.61753714
2025-05-19 23:00:00,0.97671264
2025-05-20 00:00:00,1.1475793
2025-05-20 01:00:00,1.051949
2025-05-20 02:00:00,0.68868387
2025-05-20 03:00:00,0.16861786
2025-05-20 04:00:00,-0.40126988
2025-05-20 05:00:00,-0.87864023
2025-05-20 06:00:00,-1.0851687
2025-05-20 07:00:00,-0.87550855
2025-05-20 08:00:00,-0.26626042
2025-05-20 09:00:00,0.36995608
2025-05-20 10:00:00,0.9767326
2025-05-20 11:00:00,1.3942921
2025-05-20 12:00:00,1.6214577
2025-05-20 13:00:00,1.5646036
2025-05-20 14:00:00,1.2022599
2025-05-20 15:00:00,0.6232928
2025-05-20 16:00:00,-0.05021881
2025-05-20 17:00:00,-0.7041781
2025-05-20 18:00:00,-1.2341354
2025-05-20 19:00:00,-1.4958844
2025-05-20 20:00:00,-1.309406
2025-05-20 21:00:00,-0.66861737
2025-05-20 22:00:00,-0.012260924
2025-05-20 23:00:00,0.62666714
2025-05-21 00:00:00,1.0797793
2025-05-21 01:00:00,1.3164693
2025-05-21 02:00:00,1.2961899
2025-05-21 03:00:00,0.97633207
2025-05-21 04:00:00,0.46837792
2025-05-21 05:00:00,-0.16239594
2025-05-21 06:00:00,-0.71487457
2025-05-21 07:00:00,-1.0739413
2025-05-21 08:00:00,-1.0925163
2025-05-21 09:00:00,-0.5664986
2025-05-21 10:00:00,0.11672167
2025-05-21 11:00:00,0.79137427
2025-05-21 12:00:00,1.2823967
2025-05-21 13:00:00,1.5563927
2025-05-21 14:00:00,1.5827869
2025-05-21 15:00:00,1.2760807
2025-05-21 16:00:00,0.7413087
2025-05-21 17:00:00,0.04132361
2025-05-21 18:00:00,-0.65446377
2025-05-21 19:00:00,-1.2445529
2025-05-21 20:00:00,-1.5793649
2025-05-21 21:00:00,-1.4639217
2025-05-21 22:00:00,-0.77637017
2025-05-21 23:00:00,-0.008074711
2025-05-22 00:00:00,0.748497
2025-05-22 01:00:00,1.2565198
2025-05-22 02:00:00,1.5251448
2025-05-22 03:00:00,1.5045564
2025-05-22 04:00:00,1.1694536
2025-05-22 05:00:00,0.62610173
2025-05-22 06:00:00,-0.05351512
2025-05-22 07:00:00,-0.71259797
2025-05-22 08:00:00,-1.1988218
2025-05-22 09:00:00,-1.319953
2025-05-22 10:00:00,-0.8887135
2025-05-22 11:00:00,-0.100588486
2025-05-22 12:00:00,0.6626581
2025-05-22 13:00:00,1.2682884
2025-05-22 14:00:00,1.6318617
2025-05-22 15:00:00,1.7145672
2025-05-22 16:00:00,1.4529198
2025-05-22 17:00:00,0.9004225
2025-05-22 18:00:00,0.13253129
2025-05-22 19:00:00,-0.66064984
2025-05-22 20:00:00,-1.3676238
2025-05-22 21:00:00,-1.7623363
2025-05-22 22:00:00,-1.7049336
2025-05-22 23:00:00,-0.92000556
2025-05-23 00:00:00,0.040431477
2025-05-23 01:00:00,0.9247559
2025-05-23 02:00:00,1.5156931
2025-05-23 03:00:00,1.8048457
2025-05-23 04:00:00,1.7881597
2025-05-23 05:00:00,1.4182506
2025-05-23 06:00:00,0.8059145
2025-05-23 07:00:00,0.02048891
2025-05-23 08:00:00,-0.73402816
2025-05-23 09:00:00,-1.35788
2025-05-23 10:00:00,-1.5855188
2025-05-23 11:00:00,-1.1909738
2025-05-23 12:00:00,-0.25685588
2025-05-23 13:00:00,0.58629656
2025-05-23 14:00:00,1.2949132
2025-05-23 15:00:00,1.6638939
2025-05-23 16:00:00,1.7301388
2025-05-23 17:00:00,1.4426994
2025-05-23 18:00:00,0.83257407
2025-05-23 19:00:00,0.030372089
2025-05-23 20:00:00,-0.8410686
2025-05-23 21:00:00,-1.5628576
2025-05-23 22:00:00,-2.0695615
2025-05-23 23:00:00,-1.7511305
2025-05-24 00:00:00,-0.71314657
2025-05-24 01:00:00,0.30154088
2025-05-24 02:00:00,1.2566171
2025-05-24 03:00:00,1.8293917
2025-05-24 04:00:00,2.0956128
2025-05-24 05:00:00,1.9976658
2025-05-24 06:00:00,1.5014229
2025-05-24 07:00:00,0.78980553
2025-05-24 08:00:00,-0.089422256
2025-05-24 09:00:00,-0.90700257
2025-05-24 10:00:00,-1.5889112
2025-05-24 11:00:00,-1.8333784
2025-05-24 12:00:00,-1.2980267
2025-05-24 13:00:00,-0.1941738
2025-05-24 14:00:00,0.73532933
2025-05-24 15:00:00,1.4766809
2025-05-24 16:00:00,1.8160892
2025-05-24 17:00:00,1.8164886
2025-05-24 18:00:00,1.4381471
2025-05-24 19:00:00,0.74040145
2025-05-24 20:00:00,-0.13025449
2025-05-24 21:00:00,-1.0241399
2025-05-24 22:00:00,-1.7707965
2025-05-24 23:00:00,-2.2130399
2025-05-25 00:00:00,-1.7311963
2025-05-25 01:00:00,-0.50292224
2025-05-25 02:00:00,0.5603035
2025-05-25 03:00:00,1.5400325
2025-05-25 04:00:00,2.0911472
2025-05-25 05:00:00,2.3267677
2025-05-25 06:00:00,2.1525056
2025-05-25 07:00:00,1.5487034
2025-05-25 08:00:00,0.7227807
2025-05-25 09:00:00,-0.22918548
2025-05-25 10:00:00,-1.1001924
2025-05-25 11:00:00,-1.7888479
2025-05-25 12:00:00,-2.081673
2025-05-25 13:00:00,-1.2401986
2025-05-25 14:00:00,-0.019541703
2025-05-25 15:00:00,0.96483624
2025-05-25 16:00:00,1.6616992
2025-05-25 17:00:00,1.9521662
2025-05-25 18:00:00,1.880303
